<BackupInst xmlns="http://www.microsoft.com/GroupPolicy/GPOOperations/Manifest"><GPOGuid><![CDATA[{10B5F752-E823-42DF-A0C8-E577A5CD79FC}]]></GPOGuid><GPODomain><![CDATA[maglab.net]]></GPODomain><GPODomainGuid><![CDATA[{a5156093-67cb-41af-8333-f3853aff8ba0}]]></GPODomainGuid><GPODomainController><![CDATA[ML-DC-01.maglab.net]]></GPODomainController><BackupTime><![CDATA[2020-05-06T20:28:06]]></BackupTime><ID><![CDATA[{2818F57C-13F9-48CF-8BC3-AF6C5B7C2D7E}]]></ID><Comment><![CDATA[]]></Comment><GPODisplayName><![CDATA[WVD Pooled - Microsoft Edge Enterprise - Computer Settings]]></GPODisplayName></BackupInst>
