<BackupInst xmlns="http://www.microsoft.com/GroupPolicy/GPOOperations/Manifest"><GPOGuid><![CDATA[{320DD6BE-F266-49B2-B905-01628485B54A}]]></GPOGuid><GPODomain><![CDATA[maglab.net]]></GPODomain><GPODomainGuid><![CDATA[{a5156093-67cb-41af-8333-f3853aff8ba0}]]></GPODomainGuid><GPODomainController><![CDATA[ML-DC-02.maglab.net]]></GPODomainController><BackupTime><![CDATA[2020-04-03T18:16:00]]></BackupTime><ID><![CDATA[{7EB32B38-A93C-44FF-BC28-67B19BA76636}]]></ID><Comment><![CDATA[Microsoft OneDrive for Business Settings to redirect known folders - update TenantID]]></Comment><GPODisplayName><![CDATA[WVD Pooled - OneDrive - Computer Settings]]></GPODisplayName></BackupInst>
