<BackupInst xmlns="http://www.microsoft.com/GroupPolicy/GPOOperations/Manifest"><GPOGuid><![CDATA[{A73B7718-DC79-47D1-AFC4-4F9F54217B4C}]]></GPOGuid><GPODomain><![CDATA[maglab.net]]></GPODomain><GPODomainGuid><![CDATA[{a5156093-67cb-41af-8333-f3853aff8ba0}]]></GPODomainGuid><GPODomainController><![CDATA[ML-DC-02.maglab.net]]></GPODomainController><BackupTime><![CDATA[2020-04-03T18:14:38]]></BackupTime><ID><![CDATA[{0F3938EE-EC1A-4C41-B2C1-2678D472A28E}]]></ID><Comment><![CDATA[FSLogix Agent Computer Settings - Update VHD Profile Container Location]]></Comment><GPODisplayName><![CDATA[WVD Pooled - FSLogix - Computer Settings]]></GPODisplayName></BackupInst>
