<BackupInst xmlns="http://www.microsoft.com/GroupPolicy/GPOOperations/Manifest"><GPOGuid><![CDATA[{91CDCE91-9ECC-4A4E-8C95-51CEA88C2F55}]]></GPOGuid><GPODomain><![CDATA[maglab.net]]></GPODomain><GPODomainGuid><![CDATA[{a5156093-67cb-41af-8333-f3853aff8ba0}]]></GPODomainGuid><GPODomainController><![CDATA[ML-DC-02.maglab.net]]></GPODomainController><BackupTime><![CDATA[2020-04-03T18:15:31]]></BackupTime><ID><![CDATA[{1074C0E5-4822-463C-A388-79DB7095E574}]]></ID><Comment><![CDATA[Microsoft Office 365 Computer Settings for Pooled Desktops]]></Comment><GPODisplayName><![CDATA[WVD Pooled - Microsoft 365 Apps - Computer Settings]]></GPODisplayName></BackupInst>
