<?xml version="1.0" encoding="utf-8"?>
<RegistrySettings clsid="{A3CCFC41-DFDB-43a5-8D26-0FE8B954DA51}"><Registry clsid="{9CD4B2F4-923D-47f5-A062-E897DD1DAD50}" name="BlockWorkplaceJoin" status="BlockWorkplaceJoin" image="12" changed="2020-04-03 17:45:10" uid="{7866D8BC-F32A-4A6E-8CA3-AC3D150409BA}" desc="Block domain joined machines from inadvertently getting Azure AD registered by users." bypassErrors="1"><Properties action="U" displayDecimal="0" default="0" hive="HKEY_LOCAL_MACHINE" key="Software\Policies\Microsoft\Windows\WorkplaceJoin" name="BlockWorkplaceJoin" type="REG_DWORD" value="00000001"/></Registry>
	<Registry clsid="{9CD4B2F4-923D-47f5-A062-E897DD1DAD50}" name="MaxMonitors" status="MaxMonitors" image="12" changed="2020-04-03 17:49:47" uid="{E94EADBC-6E6A-45DB-BF26-0F35351E88E0}" desc="https://docs.microsoft.com/en-us/azure/virtual-desktop/set-up-customize-master-image" bypassErrors="1"><Properties action="U" displayDecimal="0" default="0" hive="HKEY_LOCAL_MACHINE" key="SYSTEM\CurrentControlSet\Control\Terminal Server\WinStations\RDP-Tcp" name="MaxMonitors" type="REG_DWORD" value="00000004"/></Registry>
	<Registry clsid="{9CD4B2F4-923D-47f5-A062-E897DD1DAD50}" name="MaxXResolution" status="MaxXResolution" image="12" changed="2020-04-03 17:50:26" uid="{4C68233A-3275-4EC2-BDE5-9685D48F1A12}" desc="https://docs.microsoft.com/en-us/azure/virtual-desktop/set-up-customize-master-image" bypassErrors="1"><Properties action="U" displayDecimal="1" default="0" hive="HKEY_LOCAL_MACHINE" key="SYSTEM\CurrentControlSet\Control\Terminal Server\WinStations\RDP-Tcp" name="MaxXResolution" type="REG_DWORD" value="00001400"/></Registry>
	<Registry clsid="{9CD4B2F4-923D-47f5-A062-E897DD1DAD50}" name="MaxYResolution" status="MaxXResolution" image="12" changed="2020-04-03 17:50:49" uid="{C2521313-6098-4A8D-B8FB-94A7702067EC}" desc="https://docs.microsoft.com/en-us/azure/virtual-desktop/set-up-customize-master-image" bypassErrors="1"><Properties action="U" displayDecimal="1" default="0" hive="HKEY_LOCAL_MACHINE" key="SYSTEM\CurrentControlSet\Control\Terminal Server\WinStations\RDP-Tcp" name="MaxXResolution" type="REG_DWORD" value="00000B40"/></Registry>
	<Registry clsid="{9CD4B2F4-923D-47f5-A062-E897DD1DAD50}" name="MaxMonitors" status="MaxMonitors" image="12" changed="2020-04-03 17:51:10" uid="{2F9F8631-5405-4E16-AB23-9C7EDC0204FB}" desc="https://docs.microsoft.com/en-us/azure/virtual-desktop/set-up-customize-master-image" bypassErrors="1"><Properties action="U" displayDecimal="0" default="0" hive="HKEY_LOCAL_MACHINE" key="SYSTEM\CurrentControlSet\Control\Terminal Server\WinStations\RDP-sxs" name="MaxMonitors" type="REG_DWORD" value="00000004"/></Registry>
	<Registry clsid="{9CD4B2F4-923D-47f5-A062-E897DD1DAD50}" name="MaxXResolution" status="MaxXResolution" image="12" changed="2020-04-03 17:51:25" uid="{FD42CDFA-6693-4362-8734-783F81BC1917}" desc="https://docs.microsoft.com/en-us/azure/virtual-desktop/set-up-customize-master-image" bypassErrors="1"><Properties action="U" displayDecimal="1" default="0" hive="HKEY_LOCAL_MACHINE" key="SYSTEM\CurrentControlSet\Control\Terminal Server\WinStations\RDP-sxs" name="MaxXResolution" type="REG_DWORD" value="00001400"/></Registry>
	<Registry clsid="{9CD4B2F4-923D-47f5-A062-E897DD1DAD50}" name="MaxXResolution" status="MaxXResolution" image="12" changed="2020-04-03 17:51:39" uid="{19D6CFDA-51F3-44D5-809D-43A8E1F81A85}" desc="https://docs.microsoft.com/en-us/azure/virtual-desktop/set-up-customize-master-image" bypassErrors="1"><Properties action="U" displayDecimal="1" default="0" hive="HKEY_LOCAL_MACHINE" key="SYSTEM\CurrentControlSet\Control\Terminal Server\WinStations\RDP-sxs" name="MaxXResolution" type="REG_DWORD" value="00000B40"/></Registry>
	<Registry clsid="{9CD4B2F4-923D-47f5-A062-E897DD1DAD50}" name="RealTimeIsUniversal" status="RealTimeIsUniversal" image="12" changed="2020-04-03 18:00:37" uid="{32C2824B-4952-4FBD-ACD6-CFF4FB70FF3F}" desc="https://docs.microsoft.com/en-us/azure/virtual-machines/windows/prepare-for-upload-vhd-image" bypassErrors="1"><Properties action="U" displayDecimal="0" default="0" hive="HKEY_LOCAL_MACHINE" key="SYSTEM\CurrentControlSet\Control\TimeZoneInformation" name="RealTimeIsUniversal" type="REG_DWORD" value="00000001"/></Registry>
	<Registry clsid="{9CD4B2F4-923D-47f5-A062-E897DD1DAD50}" name="PortNumber" status="PortNumber" image="12" changed="2020-04-03 18:00:30" uid="{BD648297-BF9C-4ACA-BF32-7B478CC4D2D9}" desc="https://docs.microsoft.com/en-us/azure/virtual-machines/windows/prepare-for-upload-vhd-image" bypassErrors="1"><Properties action="U" displayDecimal="1" default="0" hive="HKEY_LOCAL_MACHINE" key="SYSTEM\CurrentControlSet\Control\Terminal Server\WinStations\RDP-Tcp" name="PortNumber" type="REG_DWORD" value="00000D3D"/></Registry>
	<Registry clsid="{9CD4B2F4-923D-47f5-A062-E897DD1DAD50}" name="LanAdapter" status="LanAdapter" image="12" changed="2020-04-03 18:00:17" uid="{38E1E8C9-2D5A-4854-9B03-F9ADAB521943}" desc="https://docs.microsoft.com/en-us/azure/virtual-machines/windows/prepare-for-upload-vhd-image" bypassErrors="1"><Properties action="U" displayDecimal="1" default="0" hive="HKEY_LOCAL_MACHINE" key="SYSTEM\CurrentControlSet\Control\Terminal Server\WinStations\RDP-Tcp" name="LanAdapter" type="REG_DWORD" value="00000000"/></Registry>
	<Registry clsid="{9CD4B2F4-923D-47f5-A062-E897DD1DAD50}" name="UserAuthentication" status="UserAuthentication" image="12" changed="2020-04-03 18:00:11" uid="{F83F5E36-3D0F-4D26-871C-AADC5810770E}" desc="https://docs.microsoft.com/en-us/azure/virtual-machines/windows/prepare-for-upload-vhd-image" bypassErrors="1"><Properties action="U" displayDecimal="1" default="0" hive="HKEY_LOCAL_MACHINE" key="SYSTEM\CurrentControlSet\Control\Terminal Server\WinStations\RDP-Tcp" name="UserAuthentication" type="REG_DWORD" value="00000001"/></Registry>
	<Registry clsid="{9CD4B2F4-923D-47f5-A062-E897DD1DAD50}" name="SecurityLayer" status="SecurityLayer" image="12" changed="2020-04-03 18:00:05" uid="{15009A73-A581-4823-9F77-AFA4D7F86225}" desc="https://docs.microsoft.com/en-us/azure/virtual-machines/windows/prepare-for-upload-vhd-image" bypassErrors="1"><Properties action="U" displayDecimal="1" default="0" hive="HKEY_LOCAL_MACHINE" key="SYSTEM\CurrentControlSet\Control\Terminal Server\WinStations\RDP-Tcp" name="SecurityLayer" type="REG_DWORD" value="00000001"/></Registry>
	<Registry clsid="{9CD4B2F4-923D-47f5-A062-E897DD1DAD50}" name="fAllowSecProtocolNegotiation" status="fAllowSecProtocolNegotiation" image="12" changed="2020-04-03 17:59:59" uid="{23204197-7678-4549-A435-595182FB2345}" desc="https://docs.microsoft.com/en-us/azure/virtual-machines/windows/prepare-for-upload-vhd-image" bypassErrors="1"><Properties action="U" displayDecimal="1" default="0" hive="HKEY_LOCAL_MACHINE" key="SYSTEM\CurrentControlSet\Control\Terminal Server\WinStations\RDP-Tcp" name="fAllowSecProtocolNegotiation" type="REG_DWORD" value="00000001"/></Registry>
	<Registry clsid="{9CD4B2F4-923D-47f5-A062-E897DD1DAD50}" name="KeepAliveTimeout" status="KeepAliveTimeout" image="12" changed="2020-04-03 17:59:54" uid="{8C1FDFB1-8DA4-465E-B50F-1E79F6F58138}" desc="https://docs.microsoft.com/en-us/azure/virtual-machines/windows/prepare-for-upload-vhd-image" bypassErrors="1"><Properties action="U" displayDecimal="1" default="0" hive="HKEY_LOCAL_MACHINE" key="SYSTEM\CurrentControlSet\Control\Terminal Server\WinStations\RDP-Tcp" name="KeepAliveTimeout" type="REG_DWORD" value="00000001"/></Registry>
	<Registry clsid="{9CD4B2F4-923D-47f5-A062-E897DD1DAD50}" name="fInheritReconnectSame" status="fInheritReconnectSame" image="12" changed="2020-04-03 17:59:47" uid="{EE1E7FCA-049E-4EED-9D32-50F03C167A3B}" desc="https://docs.microsoft.com/en-us/azure/virtual-machines/windows/prepare-for-upload-vhd-image" bypassErrors="1"><Properties action="U" displayDecimal="1" default="0" hive="HKEY_LOCAL_MACHINE" key="SYSTEM\CurrentControlSet\Control\Terminal Server\WinStations\RDP-Tcp" name="fInheritReconnectSame" type="REG_DWORD" value="00000001"/></Registry>
	<Registry clsid="{9CD4B2F4-923D-47f5-A062-E897DD1DAD50}" name="fReconnectSame" status="fReconnectSame" image="12" changed="2020-04-03 17:59:41" uid="{BA9A3F0D-0A55-49D4-987A-1426BA2EA8C0}" desc="https://docs.microsoft.com/en-us/azure/virtual-machines/windows/prepare-for-upload-vhd-image" bypassErrors="1"><Properties action="U" displayDecimal="1" default="0" hive="HKEY_LOCAL_MACHINE" key="SYSTEM\CurrentControlSet\Control\Terminal Server\WinStations\RDP-Tcp" name="fReconnectSame" type="REG_DWORD" value="00000000"/></Registry>
</RegistrySettings>
