<BackupInst xmlns="http://www.microsoft.com/GroupPolicy/GPOOperations/Manifest"><GPOGuid><![CDATA[{A6A3F17E-0683-4735-A834-DBF203917F4B}]]></GPOGuid><GPODomain><![CDATA[maglab.net]]></GPODomain><GPODomainGuid><![CDATA[{a5156093-67cb-41af-8333-f3853aff8ba0}]]></GPODomainGuid><GPODomainController><![CDATA[ML-DC-01.maglab.net]]></GPODomainController><BackupTime><![CDATA[2020-05-06T20:28:34]]></BackupTime><ID><![CDATA[{DCE6B0F9-FD51-4D5E-B6EE-EBED906449C5}]]></ID><Comment><![CDATA[]]></Comment><GPODisplayName><![CDATA[WVD Pooled - Microsoft FSLogix - Computer Settings]]></GPODisplayName></BackupInst>
