<BackupInst xmlns="http://www.microsoft.com/GroupPolicy/GPOOperations/Manifest"><GPOGuid><![CDATA[{6DB50703-CB32-4D94-A529-165EA7B0F042}]]></GPOGuid><GPODomain><![CDATA[maglab.net]]></GPODomain><GPODomainGuid><![CDATA[{a5156093-67cb-41af-8333-f3853aff8ba0}]]></GPODomainGuid><GPODomainController><![CDATA[ML-DC-02.maglab.net]]></GPODomainController><BackupTime><![CDATA[2020-04-03T18:16:32]]></BackupTime><ID><![CDATA[{350A1ABD-6BFB-4AC0-91D1-26544786561A}]]></ID><Comment><![CDATA[Windows Computer Settings for Azure Systems]]></Comment><GPODisplayName><![CDATA[WVD Pooled - Windows - Computer Settings]]></GPODisplayName></BackupInst>
