<BackupInst xmlns="http://www.microsoft.com/GroupPolicy/GPOOperations/Manifest"><GPOGuid><![CDATA[{2F454ABA-D433-4686-BA3B-0B2B46BD2A45}]]></GPOGuid><GPODomain><![CDATA[maglab.net]]></GPODomain><GPODomainGuid><![CDATA[{a5156093-67cb-41af-8333-f3853aff8ba0}]]></GPODomainGuid><GPODomainController><![CDATA[ML-DC-01.maglab.net]]></GPODomainController><BackupTime><![CDATA[2020-05-06T20:28:20]]></BackupTime><ID><![CDATA[{4727B1FA-0638-40B5-A8A8-54C8FB81A9E8}]]></ID><Comment><![CDATA[]]></Comment><GPODisplayName><![CDATA[WVD Pooled - Microsoft 365 Apps -  User Settings]]></GPODisplayName></BackupInst>
