<BackupInst xmlns="http://www.microsoft.com/GroupPolicy/GPOOperations/Manifest"><GPOGuid><![CDATA[{2F454ABA-D433-4686-BA3B-0B2B46BD2A45}]]></GPOGuid><GPODomain><![CDATA[maglab.net]]></GPODomain><GPODomainGuid><![CDATA[{a5156093-67cb-41af-8333-f3853aff8ba0}]]></GPODomainGuid><GPODomainController><![CDATA[ML-DC-02.maglab.net]]></GPODomainController><BackupTime><![CDATA[2020-04-03T18:15:10]]></BackupTime><ID><![CDATA[{2DCFCB3F-279E-4065-A043-B5B35A1D7488}]]></ID><Comment><![CDATA[Microsoft Office 365 User Settings for WVD Pooled Desktops]]></Comment><GPODisplayName><![CDATA[WVD Pooled - Microsoft 365 Apps -  User Settings]]></GPODisplayName></BackupInst>
