<BackupInst xmlns="http://www.microsoft.com/GroupPolicy/GPOOperations/Manifest"><GPOGuid><![CDATA[{10B5F752-E823-42DF-A0C8-E577A5CD79FC}]]></GPOGuid><GPODomain><![CDATA[maglab.net]]></GPODomain><GPODomainGuid><![CDATA[{a5156093-67cb-41af-8333-f3853aff8ba0}]]></GPODomainGuid><GPODomainController><![CDATA[ML-DC-02.maglab.net]]></GPODomainController><BackupTime><![CDATA[2020-04-03T18:29:48]]></BackupTime><ID><![CDATA[{8730BCCF-8DC4-4306-BE47-4B813B930BD2}]]></ID><Comment><![CDATA[Disables Edge Updates]]></Comment><GPODisplayName><![CDATA[WVD Pooled - Microsoft Edge Enterprise - Computer Settings]]></GPODisplayName></BackupInst>
