<BackupInst xmlns="http://www.microsoft.com/GroupPolicy/GPOOperations/Manifest"><GPOGuid><![CDATA[{10B5F752-E823-42DF-A0C8-E577A5CD79FC}]]></GPOGuid><GPODomain><![CDATA[maglab.net]]></GPODomain><GPODomainGuid><![CDATA[{a5156093-67cb-41af-8333-f3853aff8ba0}]]></GPODomainGuid><GPODomainController><![CDATA[ML-DC-01.maglab.net]]></GPODomainController><BackupTime><![CDATA[2020-05-06T17:34:04]]></BackupTime><ID><![CDATA[{1C60C34B-2DA5-4A04-A15E-78F41CF14FFB}]]></ID><Comment><![CDATA[]]></Comment><GPODisplayName><![CDATA[WVD Pooled - Microsoft Edge Enterprise - Computer Settings]]></GPODisplayName></BackupInst>
